"","geneids","pvalues"
"1","croR",0.400439915112645
"2","thl",0.0315070150104342
"3","hbd",0.0172816057165883
